n_proc,sweeps,temperature,time
1,5000,2,215.233538
2,5000,2,120.309569
4,5000,2,71.758446
8,5000,2,41.793630
16,5000,2,26.127467
32,5000,2,18.091824
